number,text,textarea,search,checkbox,email
custom_96,custom_97,custom_98,custom_103,form_option_2,custom_106
custom_101,custom_99,custom_108,custom_113,form_option_5,custom_114
custom_109,custom_100,custom_115,custom_120,form_option_8,custom_117
custom_122,custom_107,custom_116,custom_125,form_option_12,custom_130
custom_129,custom_123,custom_124,custom_133,form_option_15,custom_138
custom_137,custom_131,custom_132,custom_143,form_option_19,custom_141
custom_146,custom_139,custom_140,custom_168,form_option_22,custom_152
custom_147,custom_154,custom_155,custom_184,form_option_24,custom_158
custom_181,custom_156,custom_157,custom_194,form_option_31,custom_183
custom_189,custom_182,custom_190,custom_204,form_option_33,custom_191
custom_196,custom_185,custom_198,custom_208,form_option_37,custom_205
custom_203,custom_197,custom_199,custom_216,form_option_40,custom_207
custom_213,custom_206,custom_214,custom_148,form_option_43,custom_221
custom_218,custom_215,custom_153,,,
