name,username,email,password
user 40,user40,amantest110609@outlook.com,Demopass@1
user 60,user60,amantest300609@outlook.com,Demopass@1
user 59,user59,amanteste290609@outlook.com,Demopass@1
user 58,user58,amantest280609@outlook.com,Demopass@1
user 57,user57,amantest270609@outlook.com,Demopass@1
user  56,user56,amantest260609@outlook.com,Demopass@1
user 55,user55,amantest250609@outlook.com,Demopass@1
user 54,user54,mickygrey2424@gmail.com,Demopass@1
user 47,user47,amantest190609@yahoo.com,Demopass@1
user 46,user46,amantest180609@yahoo.com,Demopass@1
user 52,user52,amantest240609@outmail.com,Demopass@1
user 51,user51,amantest230609@outlook.com,Demopass@1
user 49,user49,amantest200609@outlook.com,Demopass@1
user 48,user48,amantest210609@outlook.com,Demopass@1
user 45,user45,amantest170609@outlook.com,Demopass@1
user 44,user44,amantest160609@outlook.com,Demopass@1
user  43,user43,amantest150609@outlook.com,Demopass@1
user 42,user42,amantest140609@outlook.com,Demopass@1
user 39,user39,amantest12069@outlook.com,Demopass@1
user 41,user41,amantest130609@outlook.com,Demopass@1
user 38,user38,amantest90609@outlook.com,Demopass@1
user 37,user37,amantest80609@outlook.com,Demopass@1
user 36,user36,ranimehak0099@gmail.com,Demopass@1
user 21,user21,russel.chris92@gmail.com,Demopass@1
user 69,user69,dummyuser69@gmail.com,Demopass@1
user 34,user34,helpdeskfaveo@outlook.com,Demopass@1
user 33,user33,faveo2223@gmail.com,Demopass@1
user 32,user32,faveoservicedesk@gmail.com,Demopass@1
user 31,user31,demo@faveohelpdesk.com,Demopass@1
user 29,user29,faveo@moebro.de,Demopass@1
user 28,user28,saifkh0092@jamboreebliss.com,Demopass@1
user 27,user27,sameerkh0092@outlook.com,Demopass@1
user 64,user64,dummyuser64@gmail.com,Demopass@1
user 65,user65,dummyuser65@gmail.com,Demopass@1
user 66,user66,dummyuser66@gmail.com,Demopass@1
user 67,user67,dummyuser67@gmail.com,Demopass@1
user 68,user68,dummyuser68@gmail.com,Demopass@1
user 70,user70,dummyuser70@gmail.com,Demopass@1
user 71,user71,dummyuser71@gmail.com,Demopass@1
user 72,user72,dummyuser72@gmail.com,Demopass@1
user 73,user73,dummyuser73@gmail.com,Demopass@1
user 74,user74,dummyuser74@gmail.com,Demopass@1
user 75,user75,dummyuser75@gmail.com,Demopass@1
user 76,user76,dummyuser76@gmail.com,Demopass@1
user 77,user77,dummyuser77@gmail.com,Demopass@1
user 78,user78,dummyuser78@gmail.com,Demopass@1
user 79,user79,dummyuser79@gmail.com,Demopass@1
user 80,user80,dummyuser80@gmail.com,Demopass@1
user 81,user81,dummyuser81@gmail.com,Demopass@1
user 82,user82,dummyuser82@gmail.com,Demopass@1
user 83,user83,dummyuser83@gmail.com,Demopass@1
user 84,user84,dummyuser84@gmail.com,Demopass@1
user 85,user85,dummyuser85@gmail.com,Demopass@1
user 86,user86,dummyuser86@gmail.com,Demopass@1
user 88,user88,dummyuser88@gmail.com,Demopass@1
user 89,user89,dummyemail89@gmail.com,Demopass@1
user 90,user90,dummyuser90@gmail.com,Demopass@1
user 91,user91,dummyuser91@gmail.com,Demopass@1
user 92,user92,dummyuser92@gmail.com,Demopass@1
user 93,user93,dummyuser93@gmail.com,Demopass@1
user 87,user87,dummyuser87@gmail.com,Demopass@1
user 20,user20,amantest60609@outlook.com,Demopass@1
user 19,user19,amantest40609@outlook.com,Demopass@1
user 18,user18,amantest30609@outlook.com,Demopass@1
user 17,user17,indiravaradaraju01@gmail.com,Demopass@1
user 11,user11,agentone40@gmail.com,Demopass@1
user 12,user12,agentone54@gmail.com,Demopass@1
user 13,user13,dummyone758@gmail.com,Demopass@1
user 14,user14,agentone156@gmail.com,Demopass@1
user 15,user15,agenttwo89@gmail.com,Demopass@1
user 16,user16,agebttwo2@gmail.com,Demopass@1
user 2,user2,sabarichetty27@gmail.com,Demopass@1
user 3,user3,vickychetty27@gmail.com,Demopass@1
user 4,user4,sh872859@gmail.com,Demopass@1
user 5,user5,sabaric332@gmail.com,Demopass@1
user 6,user6,shsaranya91@gmail.com,Demopass@1
user 7,user7,sarancds202@gmail.com,Demopass@1
user 8,user8,sarancds203@gmail.com,Demopass@1
user 9,user9,sabarichetty27@outlook.com,Demopass@1
user 10,user10,sh872859@outlook.com,Demopass@1
User 1,user1,amantest30609@gmail.com,Demopass@1
user 30,user30,a.55555555@rediffmail.com,Demopass@1
user 25,user25,sarfaraz.a92@yahoo.com,Demopass@1
user 26,user26,saifbhai0011@gmail.com,Demopass@1
user 24,user24,faveodemo@smcbhelpdesk.com,Demopass@1
user 23,user23,sarfu@jamboreebliss.com,Demopass@1
user 22,user22,saifu78692@outlook.com,Demopass@1
user 50,user50,amantest220609@outlook.com,Demopass@1
user 53,user53,cofigureemail@gmail.com,Demopass@1
user 61,user61,dummyuser61@gmail.com,Demopass@1
user 62,user62,dummyuser62@gmail.com,Demopass@1
user 63,user63,dummyuser63@gmail.com,Demopass@1
,,, 
